Workbook

Sheet 🏠 Auswertung
A1: 🩺 MedAT-H – Simulations-Auswertung
A2: Gib deine Antworten in den Untertest-Blättern ein – diese Seite aktualisiert sich automatisch
A4: 📈 Gesamtergebnis
B5: Sektion | C5: Gewichtung | D5: Score % | E5: Gew. Punkte | F5: Status
B6: BMS | C6: 40 % | D6: =H30 -> 0 | E6: =H30*0.4 -> 0 | F6: =IF(H30>=80,"🌟 Sehr gut",IF(H30>=65,"✅ Gut",IF(H30>=50,"⚠️ Ausreichend","❌ Üben"))) -> ❌ Üben
B7: TV | C7: 10 % | D7: =H31 -> 0 | E7: =H31*0.1 -> 0 | F7: =IF(H31>=80,"🌟 Sehr gut",IF(H31>=65,"✅ Gut",IF(H31>=50,"⚠️ Ausreichend","❌ Üben"))) -> ❌ Üben
B8: KFF | C8: 40 % | D8: =H32 -> 0 | E8: =H32*0.4 -> 0 | F8: =IF(H32>=80,"🌟 Sehr gut",IF(H32>=65,"✅ Gut",IF(H32>=50,"⚠️ Ausreichend","❌ Üben"))) -> ❌ Üben
B9: SEK | C9: 10 % | D9: =H33 -> 0 | E9: =H33*0.1 -> 0 | F9: =IF(H33>=80,"🌟 Sehr gut",IF(H33>=65,"✅ Gut",IF(H33>=50,"⚠️ Ausreichend","❌ Üben"))) -> ❌ Üben
B11: 🎯 Gesamtscore (gewichtet) | D11: =H34 -> 0 | F11: =IF(H34>=80,"🌟 Sehr gut",IF(H34>=65,"✅ Gut",IF(H34>=50,"⚠️ Ausreichend","❌ Weiter üben"))) -> ❌ Weiter üben
A13: 📋 Detailauswertung nach Untertest
A14: Sektion | B14: Untertest | C14: Fragen | D14: Richtig | E14: Falsch | F14: Score % | G14: Status
A15: BMS | B15: Biologie | C15: 40 | D15: =ROUND(Bio!F50/100*40,0) -> 0 | E15: =40-D15 -> 40 | F15: =Bio!F50 -> 0 | G15: =IF(F15>=80,"🌟",IF(F15>=65,"✅",IF(F15>=50,"⚠️","❌"))) -> ❌
A16: BMS | B16: Chemie | C16: 24 | D16: =ROUND(Chem!F34/100*24,0) -> 0 | E16: =24-D16 -> 24 | F16: =Chem!F34 -> 0 | G16: =IF(F16>=80,"🌟",IF(F16>=65,"✅",IF(F16>=50,"⚠️","❌"))) -> ❌
A17: BMS | B17: Physik | C17: 18 | D17: =ROUND(Phys!F28/100*18,0) -> 0 | E17: =18-D17 -> 18 | F17: =Phys!F28 -> 0 | G17: =IF(F17>=80,"🌟",IF(F17>=65,"✅",IF(F17>=50,"⚠️","❌"))) -> ❌
A18: BMS | B18: Mathematik | C18: 12 | D18: =ROUND(Math!F22/100*12,0) -> 0 | E18: =12-D18 -> 12 | F18: =Math!F22 -> 0 | G18: =IF(F18>=80,"🌟",IF(F18>=65,"✅",IF(F18>=50,"⚠️","❌"))) -> ❌
A19: TV | B19: Textverständnis | C19: 12 | D19: =ROUND(TV!F22/100*12,0) -> 0 | E19: =12-D19 -> 12 | F19: =TV!F22 -> 0 | G19: =IF(F19>=80,"🌟",IF(F19>=65,"✅",IF(F19>=50,"⚠️","❌"))) -> ❌
A20: KFF | B20: Figuren zusammensetzen | C20: 15 | D20: =ROUND(Figuren!F25/100*15,0) -> 0 | E20: =15-D20 -> 15 | F20: =Figuren!F25 -> 0 | G20: =IF(F20>=80,"🌟",IF(F20>=65,"✅",IF(F20>=50,"⚠️","❌"))) -> ❌
A21: KFF | B21: Allergieausweise Reproduktion | C21: 25 | D21: =ROUND(Allergie!F35/100*25,0) -> 0 | E21: =25-D21 -> 25 | F21: =Allergie!F35 -> 0 | G21: =IF(F21>=80,"🌟",IF(F21>=65,"✅",IF(F21>=50,"⚠️","❌"))) -> ❌
A22: KFF | B22: Zahlenfolgen | C22: 10 | D22: =ROUND(Zahlen!F20/100*10,0) -> 0 | E22: =10-D22 -> 10 | F22: =Zahlen!F20 -> 0 | G22: =IF(F22>=80,"🌟",IF(F22>=65,"✅",IF(F22>=50,"⚠️","❌"))) -> ❌
A23: KFF | B23: Wortflüssigkeit | C23: 15 | D23: =ROUND(Wort!F25/100*15,0) -> 0 | E23: =15-D23 -> 15 | F23: =Wort!F25 -> 0 | G23: =IF(F23>=80,"🌟",IF(F23>=65,"✅",IF(F23>=50,"⚠️","❌"))) -> ❌
A24: KFF | B24: Implikationen erkennen | C24: 10 | D24: =ROUND(Implik!F20/100*10,0) -> 0 | E24: =10-D24 -> 10 | F24: =Implik!F20 -> 0 | G24: =IF(F24>=80,"🌟",IF(F24>=65,"✅",IF(F24>=50,"⚠️","❌"))) -> ❌
A25: SEK | B25: Emotionen regulieren | C25: 12 | D25: =ROUND('Emot.Reg'!F22/100*12,0) -> 0 | E25: =12-D25 -> 12 | F25: ='Emot.Reg'!F22 -> 0 | G25: =IF(F25>=80,"🌟",IF(F25>=65,"✅",IF(F25>=50,"⚠️","❌"))) -> ❌
A26: SEK | B26: Emotionen erkennen | C26: 14 | D26: =ROUND('Emot.Erk'!G25/100*14,1) -> 0 | E26: =14-D26 -> 14 | F26: ='Emot.Erk'!G25 -> 0 | G26: =IF(F26>=80,"🌟",IF(F26>=65,"✅",IF(F26>=50,"⚠️","❌"))) -> ❌
A27: SEK | B27: Soziales Entscheiden | C27: 14 | D27: =ROUND(Sozial!G23/100*14,1) -> 0 | E27: =14-D27 -> 14 | F27: =Sozial!G23 -> 0 | G27: =IF(F27>=80,"🌟",IF(F27>=65,"✅",IF(F27>=50,"⚠️","❌"))) -> ❌
A30: 💡 Legende: 🌟 ≥ 80 % ✅ 65–79 % ⚠️ 50–64 % ❌ < 50 % | H30: =((Bio!F50/100*40)+(Chem!F34/100*24)+(Phys!F28/100*18)+(Math!F22/100*12))/94*100 -> 0
A31: ℹ️ Emotionen erkennen: W=wahrscheinlich, U=unwahrscheinlich • Soziales Entscheiden: Rang 1=wichtigste bis 5=unwichtigste Überlegung | H31: =((TV!F22/100*12))/12*100 -> 0
H32: =((Figuren!F25/100*15)+(Allergie!F35/100*25)+(Zahlen!F20/100*10)+(Wort!F25/100*15)+(Implik!F20/100*10))/75*100 -> 0
H33: =(('Emot.Reg'!F22/100*12)+('Emot.Erk'!G25/100*14)+(Sozial!G23/100*14))/40*100 -> 0
H34: =(H30*40+H31*10+H32*40+H33*10)/100 -> 0

Sheet Bio
A1: 📝 Biologie | BMS | 40 Fragen
A2: Antwortformat: A / B / C / D / E – Dropdown verfügbar
A3: Nr. | B3: Meine Antwort | C3: Richtige Antwort | D3: ✔ / ✗ | E3: Notizen
A4: 1 | D4: =IF(AND(B4<>"",C4<>""),IF(EXACT(B4,C4),"✔","✗"),"")
A5: 2 | D5: =IF(AND(B5<>"",C5<>""),IF(EXACT(B5,C5),"✔","✗"),"")
A6: 3 | D6: =IF(AND(B6<>"",C6<>""),IF(EXACT(B6,C6),"✔","✗"),"")
A7: 4 | D7: =IF(AND(B7<>"",C7<>""),IF(EXACT(B7,C7),"✔","✗"),"")
A8: 5 | D8: =IF(AND(B8<>"",C8<>""),IF(EXACT(B8,C8),"✔","✗"),"")
A9: 6 | D9: =IF(AND(B9<>"",C9<>""),IF(EXACT(B9,C9),"✔","✗"),"")
A10: 7 | D10: =IF(AND(B10<>"",C10<>""),IF(EXACT(B10,C10),"✔","✗"),"")
A11: 8 | D11: =IF(AND(B11<>"",C11<>""),IF(EXACT(B11,C11),"✔","✗"),"")
A12: 9 | D12: =IF(AND(B12<>"",C12<>""),IF(EXACT(B12,C12),"✔","✗"),"")
A13: 10 | D13: =IF(AND(B13<>"",C13<>""),IF(EXACT(B13,C13),"✔","✗"),"")
A14: 11 | D14: =IF(AND(B14<>"",C14<>""),IF(EXACT(B14,C14),"✔","✗"),"")
A15: 12 | D15: =IF(AND(B15<>"",C15<>""),IF(EXACT(B15,C15),"✔","✗"),"")
... A43: 40 | D43: =IF(AND(B43<>"",C43<>""),IF(EXACT(B43,C43),"✔","✗"),"")
A45: 📊 Auswertung
A46: Gesamt Fragen | F46: 40
A47: Beantwortet | F47: =COUNTIF(B4:B43,"<>"&"") -> 0
A48: Richtig ✔ | F48: =COUNTIF(D4:D43,"✔") -> 0
A49: Falsch ✗ | F49: =COUNTIF(D4:D43,"✗") -> 0
A50: Score % | F50: =IFERROR(F48/40*100,0) -> 0

Sheet Chem
A1: 📝 Chemie | BMS | 24 Fragen
A2: Antwortformat: A / B / C / D / E – Dropdown verfügbar
A3: Nr. | B3: Meine Antwort | C3: Richtige Antwort | D3: ✔ / ✗ | E3: Notizen
A4: 1 | D4: =IF(AND(B4<>"",C4<>""),IF(EXACT(B4,C4),"✔","✗"),"")
A5: 2 | D5: =IF(AND(B5<>"",C5<>""),IF(EXACT(B5,C5),"✔","✗"),"")
A6: 3 | D6: =IF(AND(B6<>"",C6<>""),IF(EXACT(B6,C6),"✔","✗"),"")
A7: 4 | D7: =IF(AND(B7<>"",C7<>""),IF(EXACT(B7,C7),"✔","✗"),"")
A8: 5 | D8: =IF(AND(B8<>"",C8<>""),IF(EXACT(B8,C8),"✔","✗"),"")
A9: 6 | D9: =IF(AND(B9<>"",C9<>""),IF(EXACT(B9,C9),"✔","✗"),"")
A10: 7 | D10: =IF(AND(B10<>"",C10<>""),IF(EXACT(B10,C10),"✔","✗"),"")
A11: 8 | D11: =IF(AND(B11<>"",C11<>""),IF(EXACT(B11,C11),"✔","✗"),"")
A12: 9 | D12: =IF(AND(B12<>"",C12<>""),IF(EXACT(B12,C12),"✔","✗"),"")
A13: 10 | D13: =IF(AND(B13<>"",C13<>""),IF(EXACT(B13,C13),"✔","✗"),"")
A14: 11 | D14: =IF(AND(B14<>"",C14<>""),IF(EXACT(B14,C14),"✔","✗"),"")
A15: 12 | D15: =IF(AND(B15<>"",C15<>""),IF(EXACT(B15,C15),"✔","✗"),"")
... A27: 24 | D27: =IF(AND(B27<>"",C27<>""),IF(EXACT(B27,C27),"✔","✗"),"")
A29: 📊 Auswertung
A30: Gesamt Fragen | F30: 24
A31: Beantwortet | F31: =COUNTIF(B4:B27,"<>"&"") -> 0
A32: Richtig ✔ | F32: =COUNTIF(D4:D27,"✔") -> 0
A33: Falsch ✗ | F33: =COUNTIF(D4:D27,"✗") -> 0
A34: Score % | F34: =IFERROR(F32/24*100,0) -> 0

Sheet Phys
A1: 📝 Physik | BMS | 18 Fragen
A2: Antwortformat: A / B / C / D / E – Dropdown verfügbar
A3: Nr. | B3: Meine Antwort | C3: Richtige Antwort | D3: ✔ / ✗ | E3: Notizen
A4: 1 | D4: =IF(AND(B4<>"",C4<>""),IF(EXACT(B4,C4),"✔","✗"),"")
A5: 2 | D5: =IF(AND(B5<>"",C5<>""),IF(EXACT(B5,C5),"✔","✗"),"")
A6: 3 | D6: =IF(AND(B6<>"",C6<>""),IF(EXACT(B6,C6),"✔","✗"),"")
A7: 4 | D7: =IF(AND(B7<>"",C7<>""),IF(EXACT(B7,C7),"✔","✗"),"")
A8: 5 | D8: =IF(AND(B8<>"",C8<>""),IF(EXACT(B8,C8),"✔","✗"),"")
A9: 6 | D9: =IF(AND(B9<>"",C9<>""),IF(EXACT(B9,C9),"✔","✗"),"")
A10: 7 | D10: =IF(AND(B10<>"",C10<>""),IF(EXACT(B10,C10),"✔","✗"),"")
A11: 8 | D11: =IF(AND(B11<>"",C11<>""),IF(EXACT(B11,C11),"✔","✗"),"")
A12: 9 | D12: =IF(AND(B12<>"",C12<>""),IF(EXACT(B12,C12),"✔","✗"),"")
A13: 10 | D13: =IF(AND(B13<>"",C13<>""),IF(EXACT(B13,C13),"✔","✗"),"")
A14: 11 | D14: =IF(AND(B14<>"",C14<>""),IF(EXACT(B14,C14),"✔","✗"),"")
A15: 12 | D15: =IF(AND(B15<>"",C15<>""),IF(EXACT(B15,C15),"✔","✗"),"")
... A21: 18 | D21: =IF(AND(B21<>"",C21<>""),IF(EXACT(B21,C21),"✔","✗"),"")
A23: 📊 Auswertung
A24: Gesamt Fragen | F24: 18
A25: Beantwortet | F25: =COUNTIF(B4:B21,"<>"&"") -> 0
A26: Richtig ✔ | F26: =COUNTIF(D4:D21,"✔") -> 0
A27: Falsch ✗ | F27: =COUNTIF(D4:D21,"✗") -> 0
A28: Score % | F28: =IFERROR(F26/18*100,0) -> 0

Sheet Math
A1: 📝 Mathematik | BMS | 12 Fragen
A2: Antwortformat: A / B / C / D / E – Dropdown verfügbar
A3: Nr. | B3: Meine Antwort | C3: Richtige Antwort | D3: ✔ / ✗ | E3: Notizen
A4: 1 | D4: =IF(AND(B4<>"",C4<>""),IF(EXACT(B4,C4),"✔","✗"),"")
A5: 2 | D5: =IF(AND(B5<>"",C5<>""),IF(EXACT(B5,C5),"✔","✗"),"")
A6: 3 | D6: =IF(AND(B6<>"",C6<>""),IF(EXACT(B6,C6),"✔","✗"),"")
A7: 4 | D7: =IF(AND(B7<>"",C7<>""),IF(EXACT(B7,C7),"✔","✗"),"")
A8: 5 | D8: =IF(AND(B8<>"",C8<>""),IF(EXACT(B8,C8),"✔","✗"),"")
A9: 6 | D9: =IF(AND(B9<>"",C9<>""),IF(EXACT(B9,C9),"✔","✗"),"")
A10: 7 | D10: =IF(AND(B10<>"",C10<>""),IF(EXACT(B10,C10),"✔","✗"),"")
A11: 8 | D11: =IF(AND(B11<>"",C11<>""),IF(EXACT(B11,C11),"✔","✗"),"")
A12: 9 | D12: =IF(AND(B12<>"",C12<>""),IF(EXACT(B12,C12),"✔","✗"),"")
A13: 10 | D13: =IF(AND(B13<>"",C13<>""),IF(EXACT(B13,C13),"✔","✗"),"")
A14: 11 | D14: =IF(AND(B14<>"",C14<>""),IF(EXACT(B14,C14),"✔","✗"),"")
A15: 12 | D15: =IF(AND(B15<>"",C15<>""),IF(EXACT(B15,C15),"✔","✗"),"")
A17: 📊 Auswertung
A18: Gesamt Fragen | F18: 12
A19: Beantwortet | F19: =COUNTIF(B4:B15,"<>"&"") -> 0
A20: Richtig ✔ | F20: =COUNTIF(D4:D15,"✔") -> 0
A21: Falsch ✗ | F21: =COUNTIF(D4:D15,"✗") -> 0
A22: Score % | F22: =IFERROR(F20/12*100,0) -> 0

Sheet TV
A1: 📝 Textverständnis | TV | 12 Fragen
A2: Antwortformat: A / B / C / D / E – Dropdown verfügbar
A3: Nr. | B3: Meine Antwort | C3: Richtige Antwort | D3: ✔ / ✗ | E3: Notizen
A4: 1 | D4: =IF(AND(B4<>"",C4<>""),IF(EXACT(B4,C4),"✔","✗"),"")
A5: 2 | D5: =IF(AND(B5<>"",C5<>""),IF(EXACT(B5,C5),"✔","✗"),"")
A6: 3 | D6: =IF(AND(B6<>"",C6<>""),IF(EXACT(B6,C6),"✔","✗"),"")
A7: 4 | D7: =IF(AND(B7<>"",C7<>""),IF(EXACT(B7,C7),"✔","✗"),"")
A8: 5 | D8: =IF(AND(B8<>"",C8<>""),IF(EXACT(B8,C8),"✔","✗"),"")
A9: 6 | D9: =IF(AND(B9<>"",C9<>""),IF(EXACT(B9,C9),"✔","✗"),"")
A10: 7 | D10: =IF(AND(B10<>"",C10<>""),IF(EXACT(B10,C10),"✔","✗"),"")
A11: 8 | D11: =IF(AND(B11<>"",C11<>""),IF(EXACT(B11,C11),"✔","✗"),"")
A12: 9 | D12: =IF(AND(B12<>"",C12<>""),IF(EXACT(B12,C12),"✔","✗"),"")
A13: 10 | D13: =IF(AND(B13<>"",C13<>""),IF(EXACT(B13,C13),"✔","✗"),"")
A14: 11 | D14: =IF(AND(B14<>"",C14<>""),IF(EXACT(B14,C14),"✔","✗"),"")
A15: 12 | D15: =IF(AND(B15<>"",C15<>""),IF(EXACT(B15,C15),"✔","✗"),"")
A17: 📊 Auswertung
A18: Gesamt Fragen | F18: 12
A19: Beantwortet | F19: =COUNTIF(B4:B15,"<>"&"") -> 0
A20: Richtig ✔ | F20: =COUNTIF(D4:D15,"✔") -> 0
A21: Falsch ✗ | F21: =COUNTIF(D4:D15,"✗") -> 0
A22: Score % | F22: =IFERROR(F20/12*100,0) -> 0

Sheet Figuren
A1: 📝 Figuren zusammensetzen | KFF | 15 Fragen
A2: Antwortformat: A / B / C / D / E – Dropdown verfügbar
A3: Nr. | B3: Meine Antwort | C3: Richtige Antwort | D3: ✔ / ✗ | E3: Notizen
A4: 1 | D4: =IF(AND(B4<>"",C4<>""),IF(EXACT(B4,C4),"✔","✗"),"")
A5: 2 | D5: =IF(AND(B5<>"",C5<>""),IF(EXACT(B5,C5),"✔","✗"),"")
A6: 3 | D6: =IF(AND(B6<>"",C6<>""),IF(EXACT(B6,C6),"✔","✗"),"")
A7: 4 | D7: =IF(AND(B7<>"",C7<>""),IF(EXACT(B7,C7),"✔","✗"),"")
A8: 5 | D8: =IF(AND(B8<>"",C8<>""),IF(EXACT(B8,C8),"✔","✗"),"")
A9: 6 | D9: =IF(AND(B9<>"",C9<>""),IF(EXACT(B9,C9),"✔","✗"),"")
A10: 7 | D10: =IF(AND(B10<>"",C10<>""),IF(EXACT(B10,C10),"✔","✗"),"")
A11: 8 | D11: =IF(AND(B11<>"",C11<>""),IF(EXACT(B11,C11),"✔","✗"),"")
A12: 9 | D12: =IF(AND(B12<>"",C12<>""),IF(EXACT(B12,C12),"✔","✗"),"")
A13: 10 | D13: =IF(AND(B13<>"",C13<>""),IF(EXACT(B13,C13),"✔","✗"),"")
A14: 11 | D14: =IF(AND(B14<>"",C14<>""),IF(EXACT(B14,C14),"✔","✗"),"")
A15: 12 | D15: =IF(AND(B15<>"",C15<>""),IF(EXACT(B15,C15),"✔","✗"),"")
... A18: 15 | D18: =IF(AND(B18<>"",C18<>""),IF(EXACT(B18,C18),"✔","✗"),"")
A20: 📊 Auswertung
A21: Gesamt Fragen | F21: 15
A22: Beantwortet | F22: =COUNTIF(B4:B18,"<>"&"") -> 0
A23: Richtig ✔ | F23: =COUNTIF(D4:D18,"✔") -> 0
A24: Falsch ✗ | F24: =COUNTIF(D4:D18,"✗") -> 0
A25: Score % | F25: =IFERROR(F23/15*100,0) -> 0

Sheet Allergie
A1: 📝 Allergieausweise Reproduktion | KFF | 25 Fragen
A2: Antwortformat: A / B / C / D / E – Dropdown verfügbar
A3: Nr. | B3: Meine Antwort | C3: Richtige Antwort | D3: ✔ / ✗ | E3: Notizen
A4: 1 | D4: =IF(AND(B4<>"",C4<>""),IF(EXACT(B4,C4),"✔","✗"),"")
A5: 2 | D5: =IF(AND(B5<>"",C5<>""),IF(EXACT(B5,C5),"✔","✗"),"")
A6: 3 | D6: =IF(AND(B6<>"",C6<>""),IF(EXACT(B6,C6),"✔","✗"),"")
A7: 4 | D7: =IF(AND(B7<>"",C7<>""),IF(EXACT(B7,C7),"✔","✗"),"")
A8: 5 | D8: =IF(AND(B8<>"",C8<>""),IF(EXACT(B8,C8),"✔","✗"),"")
A9: 6 | D9: =IF(AND(B9<>"",C9<>""),IF(EXACT(B9,C9),"✔","✗"),"")
A10: 7 | D10: =IF(AND(B10<>"",C10<>""),IF(EXACT(B10,C10),"✔","✗"),"")
A11: 8 | D11: =IF(AND(B11<>"",C11<>""),IF(EXACT(B11,C11),"✔","✗"),"")
A12: 9 | D12: =IF(AND(B12<>"",C12<>""),IF(EXACT(B12,C12),"✔","✗"),"")
A13: 10 | D13: =IF(AND(B13<>"",C13<>""),IF(EXACT(B13,C13),"✔","✗"),"")
A14: 11 | D14: =IF(AND(B14<>"",C14<>""),IF(EXACT(B14,C14),"✔","✗"),"")
A15: 12 | D15: =IF(AND(B15<>"",C15<>""),IF(EXACT(B15,C15),"✔","✗"),"")
... A28: 25 | D28: =IF(AND(B28<>"",C28<>""),IF(EXACT(B28,C28),"✔","✗"),"")
A30: 📊 Auswertung
A31: Gesamt Fragen | F31: 25
A32: Beantwortet | F32: =COUNTIF(B4:B28,"<>"&"") -> 0
A33: Richtig ✔ | F33: =COUNTIF(D4:D28,"✔") -> 0
A34: Falsch ✗ | F34: =COUNTIF(D4:D28,"✗") -> 0
A35: Score % | F35: =IFERROR(F33/25*100,0) -> 0

Sheet Zahlen
A1: 📝 Zahlenfolgen | KFF | 10 Fragen
A2: Antwortformat: A / B / C / D / E – Dropdown verfügbar
A3: Nr. | B3: Meine Antwort | C3: Richtige Antwort | D3: ✔ / ✗ | E3: Notizen
A4: 1 | D4: =IF(AND(B4<>"",C4<>""),IF(EXACT(B4,C4),"✔","✗"),"")
A5: 2 | D5: =IF(AND(B5<>"",C5<>""),IF(EXACT(B5,C5),"✔","✗"),"")
A6: 3 | D6: =IF(AND(B6<>"",C6<>""),IF(EXACT(B6,C6),"✔","✗"),"")
A7: 4 | D7: =IF(AND(B7<>"",C7<>""),IF(EXACT(B7,C7),"✔","✗"),"")
A8: 5 | D8: =IF(AND(B8<>"",C8<>""),IF(EXACT(B8,C8),"✔","✗"),"")
A9: 6 | D9: =IF(AND(B9<>"",C9<>""),IF(EXACT(B9,C9),"✔","✗"),"")
A10: 7 | D10: =IF(AND(B10<>"",C10<>""),IF(EXACT(B10,C10),"✔","✗"),"")
A11: 8 | D11: =IF(AND(B11<>"",C11<>""),IF(EXACT(B11,C11),"✔","✗"),"")
A12: 9 | D12: =IF(AND(B12<>"",C12<>""),IF(EXACT(B12,C12),"✔","✗"),"")
A13: 10 | D13: =IF(AND(B13<>"",C13<>""),IF(EXACT(B13,C13),"✔","✗"),"")
A15: 📊 Auswertung
A16: Gesamt Fragen | F16: 10
A17: Beantwortet | F17: =COUNTIF(B4:B13,"<>"&"") -> 0
A18: Richtig ✔ | F18: =COUNTIF(D4:D13,"✔") -> 0
A19: Falsch ✗ | F19: =COUNTIF(D4:D13,"✗") -> 0
A20: Score % | F20: =IFERROR(F18/10*100,0) -> 0

Sheet Wort
A1: 📝 Wortflüssigkeit | KFF | 15 Fragen
A2: Antwortformat: A / B / C / D / E – Dropdown verfügbar
A3: Nr. | B3: Meine Antwort | C3: Richtige Antwort | D3: ✔ / ✗ | E3: Notizen
A4: 1 | D4: =IF(AND(B4<>"",C4<>""),IF(EXACT(B4,C4),"✔","✗"),"")
A5: 2 | D5: =IF(AND(B5<>"",C5<>""),IF(EXACT(B5,C5),"✔","✗"),"")
A6: 3 | D6: =IF(AND(B6<>"",C6<>""),IF(EXACT(B6,C6),"✔","✗"),"")
A7: 4 | D7: =IF(AND(B7<>"",C7<>""),IF(EXACT(B7,C7),"✔","✗"),"")
A8: 5 | D8: =IF(AND(B8<>"",C8<>""),IF(EXACT(B8,C8),"✔","✗"),"")
A9: 6 | D9: =IF(AND(B9<>"",C9<>""),IF(EXACT(B9,C9),"✔","✗"),"")
A10: 7 | D10: =IF(AND(B10<>"",C10<>""),IF(EXACT(B10,C10),"✔","✗"),"")
A11: 8 | D11: =IF(AND(B11<>"",C11<>""),IF(EXACT(B11,C11),"✔","✗"),"")
A12: 9 | D12: =IF(AND(B12<>"",C12<>""),IF(EXACT(B12,C12),"✔","✗"),"")
A13: 10 | D13: =IF(AND(B13<>"",C13<>""),IF(EXACT(B13,C13),"✔","✗"),"")
A14: 11 | D14: =IF(AND(B14<>"",C14<>""),IF(EXACT(B14,C14),"✔","✗"),"")
A15: 12 | D15: =IF(AND(B15<>"",C15<>""),IF(EXACT(B15,C15),"✔","✗"),"")
... A18: 15 | D18: =IF(AND(B18<>"",C18<>""),IF(EXACT(B18,C18),"✔","✗"),"")
A20: 📊 Auswertung
A21: Gesamt Fragen | F21: 15
A22: Beantwortet | F22: =COUNTIF(B4:B18,"<>"&"") -> 0
A23: Richtig ✔ | F23: =COUNTIF(D4:D18,"✔") -> 0
A24: Falsch ✗ | F24: =COUNTIF(D4:D18,"✗") -> 0
A25: Score % | F25: =IFERROR(F23/15*100,0) -> 0

Sheet Implik
A1: 📝 Implikationen erkennen | KFF | 10 Fragen
A2: Antwortformat: A / B / C / D / E – Dropdown verfügbar
A3: Nr. | B3: Meine Antwort | C3: Richtige Antwort | D3: ✔ / ✗ | E3: Notizen
A4: 1 | D4: =IF(AND(B4<>"",C4<>""),IF(EXACT(B4,C4),"✔","✗"),"")
A5: 2 | D5: =IF(AND(B5<>"",C5<>""),IF(EXACT(B5,C5),"✔","✗"),"")
A6: 3 | D6: =IF(AND(B6<>"",C6<>""),IF(EXACT(B6,C6),"✔","✗"),"")
A7: 4 | D7: =IF(AND(B7<>"",C7<>""),IF(EXACT(B7,C7),"✔","✗"),"")
A8: 5 | D8: =IF(AND(B8<>"",C8<>""),IF(EXACT(B8,C8),"✔","✗"),"")
A9: 6 | D9: =IF(AND(B9<>"",C9<>""),IF(EXACT(B9,C9),"✔","✗"),"")
A10: 7 | D10: =IF(AND(B10<>"",C10<>""),IF(EXACT(B10,C10),"✔","✗"),"")
A11: 8 | D11: =IF(AND(B11<>"",C11<>""),IF(EXACT(B11,C11),"✔","✗"),"")
A12: 9 | D12: =IF(AND(B12<>"",C12<>""),IF(EXACT(B12,C12),"✔","✗"),"")
A13: 10 | D13: =IF(AND(B13<>"",C13<>""),IF(EXACT(B13,C13),"✔","✗"),"")
A15: 📊 Auswertung
A16: Gesamt Fragen | F16: 10
A17: Beantwortet | F17: =COUNTIF(B4:B13,"<>"&"") -> 0
A18: Richtig ✔ | F18: =COUNTIF(D4:D13,"✔") -> 0
A19: Falsch ✗ | F19: =COUNTIF(D4:D13,"✗") -> 0
A20: Score % | F20: =IFERROR(F18/10*100,0) -> 0

Sheet Emot.Reg
A1: 📝 Emotionen regulieren | SEK | 12 Fragen
A2: Antwortformat: A / B / C / D / E – Dropdown verfügbar
A3: Nr. | B3: Meine Antwort | C3: Richtige Antwort | D3: ✔ / ✗ | E3: Notizen
A4: 1 | D4: =IF(AND(B4<>"",C4<>""),IF(EXACT(B4,C4),"✔","✗"),"")
A5: 2 | D5: =IF(AND(B5<>"",C5<>""),IF(EXACT(B5,C5),"✔","✗"),"")
A6: 3 | D6: =IF(AND(B6<>"",C6<>""),IF(EXACT(B6,C6),"✔","✗"),"")
A7: 4 | D7: =IF(AND(B7<>"",C7<>""),IF(EXACT(B7,C7),"✔","✗"),"")
A8: 5 | D8: =IF(AND(B8<>"",C8<>""),IF(EXACT(B8,C8),"✔","✗"),"")
A9: 6 | D9: =IF(AND(B9<>"",C9<>""),IF(EXACT(B9,C9),"✔","✗"),"")
A10: 7 | D10: =IF(AND(B10<>"",C10<>""),IF(EXACT(B10,C10),"✔","✗"),"")
A11: 8 | D11: =IF(AND(B11<>"",C11<>""),IF(EXACT(B11,C11),"✔","✗"),"")
A12: 9 | D12: =IF(AND(B12<>"",C12<>""),IF(EXACT(B12,C12),"✔","✗"),"")
A13: 10 | D13: =IF(AND(B13<>"",C13<>""),IF(EXACT(B13,C13),"✔","✗"),"")
A14: 11 | D14: =IF(AND(B14<>"",C14<>""),IF(EXACT(B14,C14),"✔","✗"),"")
A15: 12 | D15: =IF(AND(B15<>"",C15<>""),IF(EXACT(B15,C15),"✔","✗"),"")
A17: 📊 Auswertung
A18: Gesamt Fragen | F18: 12
A19: Beantwortet | F19: =COUNTIF(B4:B15,"<>"&"") -> 0
A20: Richtig ✔ | F20: =COUNTIF(D4:D15,"✔") -> 0
A21: Falsch ✗ | F21: =COUNTIF(D4:D15,"✗") -> 0
A22: Score % | F22: =IFERROR(F20/12*100,0) -> 0

Sheet Emot.Erk
A1: 📝 Emotionen erkennen | SEK | 14 Aufgaben × 5 Emotionen
A2: Für jede Aufgabe 5 Emotionen (A–E) als W = wahrscheinlich oder U = unwahrscheinlich bewerten. Nur wenn ALLE 5 stimmen → ✔ (1 Punkt)
A3: Nr. | B3: Emotion A | D3: Emotion B | F3: Emotion C | H3: Emotion D | J3: Emotion E | L3: Alle ✔/✗
B4: Mein Ans. | C4: Richtiger Ans. | D4: Mein Ans. | E4: Richtiger Ans. | F4: Mein Ans. | G4: Richtiger Ans. | H4: Mein Ans. | I4: Richtiger Ans. | J4: Mein Ans. | K4: Richtiger Ans.
A5: 1 | L5: =IF(AND(A5<>"",C5<>"",E5<>"",G5<>"",I5<>""),IF(AND(EXACT(A5,B5),EXACT(C5,D5),EXACT(E5,F5),EXACT(G5,H5),EXACT(I5,J5)),"✔","✗"),"")
A6: 2 | L6: =IF(AND(A6<>"",C6<>"",E6<>"",G6<>"",I6<>""),IF(AND(EXACT(A6,B6),EXACT(C6,D6),EXACT(E6,F6),EXACT(G6,H6),EXACT(I6,J6)),"✔","✗"),"")
A7: 3 | L7: =IF(AND(A7<>"",C7<>"",E7<>"",G7<>"",I7<>""),IF(AND(EXACT(A7,B7),EXACT(C7,D7),EXACT(E7,F7),EXACT(G7,H7),EXACT(I7,J7)),"✔","✗"),"")
A8: 4 | L8: =IF(AND(A8<>"",C8<>"",E8<>"",G8<>"",I8<>""),IF(AND(EXACT(A8,B8),EXACT(C8,D8),EXACT(E8,F8),EXACT(G8,H8),EXACT(I8,J8)),"✔","✗"),"")
A9: 5 | L9: =IF(AND(A9<>"",C9<>"",E9<>"",G9<>"",I9<>""),IF(AND(EXACT(A9,B9),EXACT(C9,D9),EXACT(E9,F9),EXACT(G9,H9),EXACT(I9,J9)),"✔","✗"),"")
A10: 6 | L10: =IF(AND(A10<>"",C10<>"",E10<>"",G10<>"",I10<>""),IF(AND(EXACT(A10,B10),EXACT(C10,D10),EXACT(E10,F10),EXACT(G10,H10),EXACT(I10,J10)),"✔","✗"),"")
A11: 7 | L11: =IF(AND(A11<>"",C11<>"",E11<>"",G11<>"",I11<>""),IF(AND(EXACT(A11,B11),EXACT(C11,D11),EXACT(E11,F11),EXACT(G11,H11),EXACT(I11,J11)),"✔","✗"),"")
A12: 8 | L12: =IF(AND(A12<>"",C12<>"",E12<>"",G12<>"",I12<>""),IF(AND(EXACT(A12,B12),EXACT(C12,D12),EXACT(E12,F12),EXACT(G12,H12),EXACT(I12,J12)),"✔","✗"),"")
A13: 9 | L13: =IF(AND(A13<>"",C13<>"",E13<>"",G13<>"",I13<>""),IF(AND(EXACT(A13,B13),EXACT(C13,D13),EXACT(E13,F13),EXACT(G13,H13),EXACT(I13,J13)),"✔","✗"),"")
A14: 10 | L14: =IF(AND(A14<>"",C14<>"",E14<>"",G14<>"",I14<>""),IF(AND(EXACT(A14,B14),EXACT(C14,D14),EXACT(E14,F14),EXACT(G14,H14),EXACT(I14,J14)),"✔","✗"),"")
A15: 11 | L15: =IF(AND(A15<>"",C15<>"",E15<>"",G15<>"",I15<>""),IF(AND(EXACT(A15,B15),EXACT(C15,D15),EXACT(E15,F15),EXACT(G15,H15),EXACT(I15,J15)),"✔","✗"),"")
A16: 12 | L16: =IF(AND(A16<>"",C16<>"",E16<>"",G16<>"",I16<>""),IF(AND(EXACT(A16,B16),EXACT(C16,D16),EXACT(E16,F16),EXACT(G16,H16),EXACT(I16,J16)),"✔","✗"),"")
... A18: 14 | L18: =IF(AND(A18<>"",C18<>"",E18<>"",G18<>"",I18<>""),IF(AND(EXACT(A18,B18),EXACT(C18,D18),EXACT(E18,F18),EXACT(G18,H18),EXACT(I18,J18)),"✔","✗"),"")
A20: 📊 Auswertung
A21: Gesamt Aufgaben | G21: 14
A22: Beantwortet | G22: =SUMPRODUCT((B5:B18<>"")*1) -> 0
A23: Richtig ✔ (alle 5 korrekt) | G23: =COUNTIF(L5:L18,"✔") -> 0
A24: Falsch ✗ | G24: =COUNTIF(L5:L18,"✗") -> 0
A25: Score % | G25: =IFERROR(G23/14*100,0) -> 0

Sheet Sozial
A1: 📝 Soziales Entscheiden | SEK | 14 Aufgaben × 5 Überlegungen
A2: Für jede Aufgabe die 5 Überlegungen (A–E) mit Rang 1 (wichtigste) bis 5 (unwichtigste) bewerten. Jeder Rang darf nur EINMAL vorkommen! Punkte = 1 − (Summe |Mein−Richtig|) / 12 (max. Abweichung = 12)
A3: Nr. | B3: Überl. A | D3: Überl. B | F3: Überl. C | H3: Überl. D | J3: Überl. E | L3: Punkte
B4: Mein Rang | C4: Richtiger Rang | D4: Mein Rang | E4: Richtiger Rang | F4: Mein Rang | G4: Richtiger Rang | H4: Mein Rang | I4: Richtiger Rang | J4: Mein Rang | K4: Richtiger Rang
A5: 1 | L5: =IF(AND(B5<>"",D5<>"",F5<>"",H5<>"",J5<>""),MAX(0,1-(ABS(B5-C5)+ABS(D5-E5)+ABS(F5-G5)+ABS(H5-I5)+ABS(J5-K5))/12),"")
A6: 2 | L6: =IF(AND(B6<>"",D6<>"",F6<>"",H6<>"",J6<>""),MAX(0,1-(ABS(B6-C6)+ABS(D6-E6)+ABS(F6-G6)+ABS(H6-I6)+ABS(J6-K6))/12),"")
A7: 3 | L7: =IF(AND(B7<>"",D7<>"",F7<>"",H7<>"",J7<>""),MAX(0,1-(ABS(B7-C7)+ABS(D7-E7)+ABS(F7-G7)+ABS(H7-I7)+ABS(J7-K7))/12),"")
A8: 4 | L8: =IF(AND(B8<>"",D8<>"",F8<>"",H8<>"",J8<>""),MAX(0,1-(ABS(B8-C8)+ABS(D8-E8)+ABS(F8-G8)+ABS(H8-I8)+ABS(J8-K8))/12),"")
A9: 5 | L9: =IF(AND(B9<>"",D9<>"",F9<>"",H9<>"",J9<>""),MAX(0,1-(ABS(B9-C9)+ABS(D9-E9)+ABS(F9-G9)+ABS(H9-I9)+ABS(J9-K9))/12),"")
A10: 6 | L10: =IF(AND(B10<>"",D10<>"",F10<>"",H10<>"",J10<>""),MAX(0,1-(ABS(B10-C10)+ABS(D10-E10)+ABS(F10-G10)+ABS(H10-I10)+ABS(J10-K10))/12),"")
A11: 7 | L11: =IF(AND(B11<>"",D11<>"",F11<>"",H11<>"",J11<>""),MAX(0,1-(ABS(B11-C11)+ABS(D11-E11)+ABS(F11-G11)+ABS(H11-I11)+ABS(J11-K11))/12),"")
A12: 8 | L12: =IF(AND(B12<>"",D12<>"",F12<>"",H12<>"",J12<>""),MAX(0,1-(ABS(B12-C12)+ABS(D12-E12)+ABS(F12-G12)+ABS(H12-I12)+ABS(J12-K12))/12),"")
A13: 9 | L13: =IF(AND(B13<>"",D13<>"",F13<>"",H13<>"",J13<>""),MAX(0,1-(ABS(B13-C13)+ABS(D13-E13)+ABS(F13-G13)+ABS(H13-I13)+ABS(J13-K13))/12),"")
A14: 10 | L14: =IF(AND(B14<>"",D14<>"",F14<>"",H14<>"",J14<>""),MAX(0,1-(ABS(B14-C14)+ABS(D14-E14)+ABS(F14-G14)+ABS(H14-I14)+ABS(J14-K14))/12),"")
A15: 11 | L15: =IF(AND(B15<>"",D15<>"",F15<>"",H15<>"",J15<>""),MAX(0,1-(ABS(B15-C15)+ABS(D15-E15)+ABS(F15-G15)+ABS(H15-I15)+ABS(J15-K15))/12),"")
A16: 12 | L16: =IF(AND(B16<>"",D16<>"",F16<>"",H16<>"",J16<>""),MAX(0,1-(ABS(B16-C16)+ABS(D16-E16)+ABS(F16-G16)+ABS(H16-I16)+ABS(J16-K16))/12),"")
... A18: 14 | L18: =IF(AND(B18<>"",D18<>"",F18<>"",H18<>"",J18<>""),MAX(0,1-(ABS(B18-C18)+ABS(D18-E18)+ABS(F18-G18)+ABS(H18-I18)+ABS(J18-K18))/12),"")
A20: 📊 Auswertung
A21: Gesamt Aufgaben | G21: 14
A22: Summe Punkte | G22: =SUM(L5:L18) -> 0
A23: Score % | G23: =IFERROR(L22/14*100,0) -> 0
